id,subjectId,topicName
01dc808e-42b2-41a4-a4fe-6b081a51327d,1102101c-2d1e-4bae-9631-aa906f736efd,Plant Parts
0b478963-b200-4f6f-9b8e-b303e5f0077b,f244fd27-f41b-486f-a847-e1d776b12966,Food Web
0f37af8b-937f-4a09-8387-3f5356f82465,f6a20cb3-b778-48d3-b340-5d7c4a18f584,Human Circulatory System
12a5771b-b577-4392-bd0a-5bcf40ce9347,f6a20cb3-b778-48d3-b340-5d7c4a18f584,Reproduction in Plants
1bc5ee47-e0cd-459c-9447-cb8631c4a90f,f6a20cb3-b778-48d3-b340-5d7c4a18f584,Air & Respiratory System
234eae90-876e-494e-b096-1f7db53a47fb,f244fd27-f41b-486f-a847-e1d776b12966,"Forms, Sources of Energy"
3c80db21-2324-4cbc-91c9-182fc82e87bd,1102101c-2d1e-4bae-9631-aa906f736efd,Plants
5285a53b-91bf-4386-b108-dd0fb13b8a8b,1102101c-2d1e-4bae-9631-aa906f736efd,Fungi and Bacteria
569a2f22-1d28-4104-8046-661baaacce34,f6a20cb3-b778-48d3-b340-5d7c4a18f584,Reproduction in Human
5e251cf9-85d7-4093-93be-ba5d439ffdb4,f6a20cb3-b778-48d3-b340-5d7c4a18f584,From Parents to Young
5e2af4e8-619d-4c30-bc71-7254d02cae77,03a9352d-26df-4d6a-8303-9290089d72ea,Matter and 3 States
76d852f0-b4ff-4816-abe5-62b451cab14a,f244fd27-f41b-486f-a847-e1d776b12966,Forces
786f5261-b645-485c-a263-bdb74e0d5f08,03a9352d-26df-4d6a-8303-9290089d72ea,Magnets
8383abc3-74dc-49ed-819c-87ef1ebc07f0,1102101c-2d1e-4bae-9631-aa906f736efd,Animals
9cff876a-bc88-4d4d-a381-78e016d38244,f244fd27-f41b-486f-a847-e1d776b12966,Man's Impact on the Environment
a5c1d7d5-1321-4ea9-93c5-60075f92970e,03a9352d-26df-4d6a-8303-9290089d72ea,Cell
a65291f9-1752-48cc-a94d-faa69bf96146,03a9352d-26df-4d6a-8303-9290089d72ea,Plant Transport System
ae10f5dc-e5be-48b0-bbee-ca93dca249cd,1102101c-2d1e-4bae-9631-aa906f736efd,Materials
b8e270b4-b70d-43f7-ae9e-d857d016c8aa,f244fd27-f41b-486f-a847-e1d776b12966,Adaptation
b8ec898f-fcb8-4f14-89e0-c97085f267c8,f244fd27-f41b-486f-a847-e1d776b12966,Living Together
bef56224-42f9-4014-b4b7-e3bab6ed48e1,f6a20cb3-b778-48d3-b340-5d7c4a18f584,Electricity
c60217b0-b5a9-4e32-ad93-c6d45a3602b5,03a9352d-26df-4d6a-8303-9290089d72ea,Heat and Temperature
c73f8cea-cc1b-404f-ad85-6c92506065cb,1102101c-2d1e-4bae-9631-aa906f736efd,Living and Non-Living Things
cd918e8d-5435-4b34-8623-078adf3f869d,f6a20cb3-b778-48d3-b340-5d7c4a18f584,Water and Change of State
dc0acbf6-1407-40b7-9ac3-cad6fa79736e,f244fd27-f41b-486f-a847-e1d776b12966,Energy in Food
f7457eb2-537e-40f2-b6f1-ca0d8ecd9bca,03a9352d-26df-4d6a-8303-9290089d72ea,Digestive System
fa84c7b8-dd60-45df-b5bd-507978fc72d2,03a9352d-26df-4d6a-8303-9290089d72ea,Life Cycles
fdca627a-705e-48c0-9125-2e31fa5f0be0,03a9352d-26df-4d6a-8303-9290089d72ea,Light